TaxID	CLARK	Kaiju	Kraken	CLARK-S	Scientific Name
1	NA	7794	NA	NA	root
1002672	2	NA	NA	NA	Candidatus Pelagibacter sp. IMCC9063
1003195	NA	4	NA	NA	Streptomyces cattleya NRRL 8057 = DSM 46488
1004785	NA	1	NA	NA	Alteromonas macleodii str. 'Black Sea 11'
1005039	1	NA	NA	NA	Fimbriimonas ginsengisoli
1006007	NA	1	NA	NA	Bacillus megaterium WSH-002
1008459	NA	2	NA	NA	Taylorella asinigenitalis MCE3
10116	4722	95806	4674	158037	Rattus norvegicus
1014	1	NA	NA	NA	Weeksella virosa
101510	NA	1	NA	NA	Rhodococcus jostii RHA1
10239	NA	5619	NA	NA	Viruses
10240	NA	1	NA	NA	Poxviridae
10260	NA	1	NA	NA	Avipoxvirus
1028800	NA	1	NA	NA	Neorhizobium galegae bv. orientalis str. HAMBI 540
1028801	NA	2	NA	NA	Neorhizobium galegae bv. officinalis bv. officinalis str. HAMBI 1141
1029756	NA	7	NA	NA	Hyphomicrobium nitrativorans NL23
1032480	NA	2	NA	NA	Microlunatus phosphovorus NM-1
103731	1	NA	NA	1	Saccharothrix espanaensis
10381	NA	2	NA	NA	Saimiriine gammaherpesvirus 2
103817	1	1	NA	NA	Janibacter terrae
1038856	NA	1	NA	NA	Planococcus plakortidis
1041504	NA	1	NA	NA	Candidatus Arthromitus sp. SFB-rat-Yit
1042156	NA	1	NA	NA	Clostridium sp. SY8519
1042878	NA	1	NA	NA	Cupriavidus necator N-1
1045854	NA	1	NA	NA	Weissella koreensis KACC 15510
1049283	NA	1	NA	NA	Acinetobacter phage ZZ1
1051646	NA	1	NA	NA	Vibrio tubiashii ATCC 19109
1052588	NA	1	NA	NA	Bacillus subtilis subsp. subtilis str. RO-NN-1
10537	NA	2	NA	NA	Canine mastadenovirus A
1054217	NA	1	NA	NA	Thermoplasmatales archaeon BRNA1
1055487	2	NA	NA	NA	Methylotenera versatilis
1055524	NA	1	NA	NA	Burkholderia cenocepacia H111
1056495	NA	1	NA	NA	Caldisphaera lagunensis DSM 15908
1060	NA	1	NA	NA	Rhodobacter
106370	NA	1	NA	NA	Frankia casuarinae
106589	NA	1	NA	NA	Cupriavidus
106634	NA	1	NA	NA	Thioalkalivibrio versutus
1071085	NA	2	NA	NA	haloarchaeon 3A1_DGR
1075399	NA	1	NA	NA	Blattabacterium sp. (Cryptocercus punctulatus) str. Cpu
1076550	1	NA	NA	NA	Pantoea rwandensis
1076588	5	1	NA	4	Thiolapillus brandeum
1079	NA	1	NA	NA	Blastochloris viridis
1082931	NA	2	NA	NA	Pelagibacterium halotolerans B2
1085	1	NA	NA	NA	Rhodospirillum rubrum
1085623	NA	2	NA	NA	Glaciecola nitratireducens FR1064
1085624	NA	1	NA	NA	Persicobacter sp. JZB09
109232	4	2	NA	3	Rickettsia monacensis
1094892	NA	1	NA	NA	Megavirus chiliensis
1096856	NA	1	NA	NA	Pseudonocardia sp. EC080619-01
1097668	NA	2	NA	NA	Burkholderia sp. YI23
11051	NA	1	NA	NA	Flavivirus
1105108	NA	1	NA	NA	Rickettsia parkeri str. Portsmouth
1105113	NA	1	NA	NA	Rickettsia rhipicephali str. 3-7-female6-CWPP
11085	NA	30	31	NA	Langat virus
1110502	NA	4	NA	NA	Tistrella mobilis KA081020-065
1110509	NA	2	NA	NA	Methanosaeta harundinacea 6Ac
1112	NA	1	NA	NA	Porphyrobacter neustonensis
1117	NA	2	NA	NA	Cyanobacteria
1117645	NA	1	NA	NA	Elizabethkingia anophelis
1117647	NA	1	NA	NA	Simiduia agarivorans SA1 = DSM 21679
111780	NA	1	NA	NA	Stanieria cyanosphaera PCC 7437
111781	NA	9	NA	NA	Leptolyngbya sp. PCC 7376
1118963	NA	1	NA	NA	Arthrobacter sp. Rue61a
1122214	NA	1	NA	NA	Martelella mediterranea DSM 17316
1123269	NA	1	NA	NA	Sphingomonas sanxanigenens DSM 19645 = NX02
1123366	NA	2	NA	NA	Thalassospira xiamenensis M-5 = DSM 17429
1123519	NA	4	NA	NA	Pseudomonas stutzeri DSM 10701
1125411	NA	1	NA	NA	Candidatus Thioglobus singularis PS1
1127134	NA	1	NA	NA	Nocardia cyriacigeorgica GUH-2
1128424	NA	1	NA	NA	Helicoverpa zea nudivirus 2
1129742	NA	1	NA	NA	belli group
1129794	NA	1	NA	NA	Paraglaciecola psychrophila 170
1130798	NA	2	NA	NA	Lactobacillus mucosae LM1
1133568	NA	1	NA	NA	Brachyspira pilosicoli B2904
1133849	NA	1	NA	NA	Nocardia brasiliensis ATCC 700358
1134687	15	NA	14	NA	Klebsiella michiganensis
114186	2	NA	NA	NA	Candidatus Carsonella ruddii
1142394	NA	2	NA	NA	Phycisphaera mikurensis NBRC 102666
114277	NA	13	NA	NA	spotted fever group
1144275	NA	5	NA	NA	Corallococcus coralloides DSM 2259
1145276	NA	1	NA	NA	Lysinibacillus varians
114615	NA	1	NA	NA	Bradyrhizobium sp. ORS 278
1147	NA	1	NA	NA	Synechocystis sp. PCC 6714
1150389	NA	1	NA	NA	Flavobacteriaceae bacterium UJ101
1150461	NA	1	NA	NA	Bifidobacterium scardovii JCM 12489 = DSM 13734
1156433	NA	1	NA	NA	Streptococcus sp. I-P16
11572	NA	1	NA	NA	Orthobunyavirus
11591	NA	14	NA	NA	Uukuniemi virus
1160895	NA	1	NA	NA	Candidatus Acidianus copahuensis
1161	NA	1	NA	NA	Nostocales
1162668	NA	1	NA	NA	Leptospirillum ferrooxidans C2-3
1163617	NA	1	NA	NA	Sulfuricella denitrificans skB26
1163710	1	NA	NA	NA	Cronobacter condimenti
1164	31	NA	31	NA	Trichormus azollae
1167006	NA	4	NA	NA	Desulfocapsa sulfexigens DSM 10523
1168034	12	4	20	18	Draconibacterium orientale
1172562	NA	1	NA	NA	Helicobacter cinaedi PAGU611
1172567	NA	1	NA	NA	Streptomyces globisporus C-1027
1173026	NA	1	NA	NA	Gloeocapsa sp. PCC 7428
1173027	NA	1	NA	NA	Microcoleus sp. PCC 7113
1173263	NA	1	NA	NA	Synechococcus sp. PCC 7502
1175296	NA	1	NA	NA	Methanomassiliicoccus luminyensis B10
1177	NA	1	NA	NA	Nostoc
1178515	NA	1	NA	NA	Paenibacillus swuensis
1178516	NA	1	NA	NA	Spirosoma montaniterrae
1178537	NA	1	NA	NA	Bacillus xiamenensis
1179773	NA	3	NA	NA	Saccharothrix espanaensis DSM 44229
118101	NA	1	NA	NA	Buchnera aphidicola (Diuraphis noxia)
118163	NA	3	NA	NA	Pleurocapsa sp. PCC 7327
1183438	NA	3	NA	NA	Gloeobacter kilaueensis JS1
1184	NA	5	NA	1	Leptolyngbya boryana
1184387	5	NA	NA	2	Mesotoga prima
1186051	NA	3	NA	NA	Blattabacterium sp. (Blaberus giganteus)
1189303	NA	5	NA	NA	Candidatus Sulcia muelleri PSPU
118969	NA	2	NA	NA	Legionellales
119060	NA	1	NA	NA	Burkholderiaceae
1191459	NA	1	NA	NA	Flammeovirga sp. MY04
1192197	NA	1	NA	NA	Pelosinus fermentans JBW45
1193502	NA	1	NA	NA	Sulfurospirillum halorespirans DSM 13726
1198114	NA	2	NA	NA	Granulicella tundricola MP5ACTX9
1198449	NA	1	NA	NA	Aeropyrum camini SY1 = JCM 12091
1202450	NA	1	NA	NA	Mycobacterium haemophilum DSM 44634
1202768	NA	1	NA	NA	Halopiger salifodinae
1204725	NA	1	NA	NA	Methanobacterium formicicum DSM 3637
1205910	NA	1	NA	NA	Nocardiopsis alba ATCC BAA-2165
1208324	69	NA	56	NA	Celeribacter indicus
1208921	NA	1	NA	NA	Candidatus Kinetoplastibacterium galatii TCC219
1211326	NA	3	NA	NA	Spirosoma aerolatum
121292	6	12	NA	5	Pseudarthrobacter sulfonivorans
1213620	NA	10	NA	NA	Bhanja virus
1215089	NA	1	NA	NA	Planococcus halocryophilus
1217984	NA	1	NA	NA	Bacillus cereus FRI-35
1218	NA	1	NA	NA	Prochlorococcus
1218175	NA	1	NA	NA	Bacillus thuringiensis HD-771
122277	NA	3	NA	NA	Pectobacterium
1223566	NA	1	NA	NA	Bradyrhizobium sp. CCGE-LA001
1224	NA	51	NA	NA	Proteobacteria
1227459	NA	1	NA	NA	Haloferax gibbonsii ATCC 33959
1227465	NA	2	NA	NA	Halorubrum californiensis DSM 19288
1227487	NA	2	NA	NA	Halogeometricum pallidum JCM 14848
1227497	NA	1	NA	NA	Natronococcus amylolyticus DSM 10524
1227498	NA	1	NA	NA	Natronococcus jeotgali DSM 18795
12285	NA	1	NA	NA	Black beetle virus
12288	NA	3132	NA	NA	Nodamura virus
1229512	NA	1	NA	NA	Blattabacterium cuenoti BPAA
1230341	NA	1	NA	NA	Salimicrobium jeotgali
1230458	NA	4	NA	NA	Natrialba taiwanensis DSM 12281
1231626	NA	3	NA	NA	Cardinium endosymbiont cEper1 of Encarsia pergandiella
1232219	NA	1	NA	NA	Halococcus agarilyticus
1234679	NA	1	NA	NA	Carnobacterium maltaromaticum LMA28
1235591	NA	2	NA	NA	Pseudorhodoplanes sinuspersici
1235990	7	NA	NA	NA	Candidatus Pantoea carbekii
1236	NA	11	NA	NA	Gammaproteobacteria
1236179	NA	4	NA	NA	Janthinobacterium sp. B9-8
1236908	NA	1	NA	NA	Wolbachia endosymbiont of Drosophila simulans wNo
1238	29	NA	25	NA	Piscirickettsia salmonis
1239	NA	9	NA	NA	Firmicutes
1239307	NA	1	NA	NA	Sodalis praecaptivus
1244531	69	NA	NA	NA	Campylobacter iguaniorum
1245469	NA	1	NA	NA	Bradyrhizobium oligotrophicum S58
1246301	NA	2	NA	NA	Variovorax paradoxus B4
1246995	NA	1	NA	NA	Actinoplanes friuliensis DSM 7358
1249474	NA	1	NA	NA	Burkholderia pseudomallei MSHR511
1250539	NA	1	NA	NA	Pelagibaca abyssi
1252	1	NA	NA	NA	Leuconostoc carnosum
1255	NA	1	NA	NA	Pediococcus pentosaceus
1257021	NA	3	NA	NA	Flammeovirgaceae bacterium 311
126	NA	1	NA	NA	Planctomycetaceae
1261131	NA	1	NA	NA	Candidatus Liberibacter americanus str. Sao Paulo
1262470	NA	2	NA	NA	Herbaspirillum hiltneri N3
1263979	7	NA	12	1	Candidatus Endolissoclinum faulkneri
1264579	NA	717	NA	NA	Halococcus sediminicola
1265309	NA	1	NA	NA	Ruegeria mobilis F1926
12657	NA	3	NA	NA	Equid gammaherpesvirus 2
1267766	NA	1	NA	NA	Altererythrobacter atlanticus
1268	NA	51	NA	NA	Micrococcaceae
1269028	NA	2	NA	NA	Acanthamoeba polyphaga moumouvirus
1271863	NA	2	NA	NA	Salmonella enterica subsp. enterica serovar Cubana str. CFSAN002050
1273132	NA	1	NA	1	Liberibacter crescens
1274	1	1	NA	NA	Dermacoccus nishinomiyaensis
1274631	NA	1	NA	NA	Bradyrhizobium icense
1276220	NA	1	NA	NA	Spiroplasma taiwanense CT-1
1276229	NA	1	NA	NA	Spiroplasma syrphidicola EA-1
1276257	NA	1	NA	NA	Spiroplasma sabaudiense Ar-1343
1277257	NA	4	NA	NA	Candidatus Liberibacter africanus PTSAPSY
1283	1	NA	NA	NA	Staphylococcus haemolyticus
1285583	NA	1	NA	NA	Corynebacterium casei LMG S-19264
1288494	NA	5	NA	NA	Nitrosospira lacus
1288970	NA	2	NA	NA	Magnetospira sp. QH-2
12916	NA	1	NA	NA	Acidovorax
129337	NA	2	NA	NA	Geobacillus
1294273	NA	13	NA	NA	Roseibacterium elongatum DSM 19469
1295009	NA	1	NA	NA	Candidatus Methanomassiliicoccus intestinalis Issoire-Mx1
1297742	NA	1	NA	NA	Myxococcus hansupus
1300150	NA	1	NA	NA	Enterococcus mundtii QU 25
1300344	NA	1	NA	NA	Isoptericola dokdonensis DS-3
1301	NA	1	NA	NA	Streptococcus
1301098	NA	4	NA	NA	Pseudomonas knackmussii B13
1303921	NA	1	NA	NA	endosymbiont of Bathymodiolus septemdierum str. Myojin knoll
1306519	NA	1	NA	NA	Flavobacterium sp. PK15
1307	1	1	NA	NA	Streptococcus suis
1307444	NA	1	NA	NA	Fusobacterium hwasookii ChDC F300
1307761	NA	2	NA	NA	Salinispira pacifica
1307763	1	2	NA	NA	Kiritimatiella glycovorans
1307832	NA	1	NA	NA	Tannerella forsythia 3313
1307839	NA	1	NA	NA	Salinivirga cyanobacteriivorans
1309	NA	2	NA	NA	Streptococcus mutans
1313172	NA	2	NA	NA	Ilumatobacter coccineus YM16-304
1314	6	NA	NA	9	Streptococcus pyogenes
131567	NA	11857	NA	NA	cellular organisms
1315974	NA	1	NA	NA	Sphingobium sp. TKS
133	NA	1	NA	NA	Methylocystis
1330547	NA	1	NA	NA	Kosakonia
1332080	NA	3	NA	NA	Sphingobium baderi
1336795	NA	3	NA	NA	Formosa sp. Hel3_A1_48
1337877	126181	NA	NA	70543	Paenibacillus phage phiIBB_Pl23
1343739	NA	2	NA	NA	Palaeococcus pacificus DY20341
1344584	NA	1	NA	NA	Archaeoglobus fulgidus DSM 8774
134676	NA	2	NA	NA	Actinoplanes sp. SE50/110
1348114	NA	2	NA	NA	Pseudoalteromonas sp. OCN003
1348774	NA	1	NA	NA	Croceicoccus naphthovorans
1349410	NA	1	NA	NA	Pandoravirus salinus
134962	NA	1	NA	NA	Nocardia soli
1351755	NA	1	NA	NA	Clostridium chauvoei JF4335
1352	NA	2	NA	NA	Enterococcus faecium
1354275	NA	1	NA	NA	Mycobacterium vaccae 95051
1355015	1	1	NA	NA	Streptomyces pluripotens
135577	NA	2	NA	NA	Idiomarina loihiensis
135616	NA	1	NA	NA	Piscirickettsiaceae
135622	NA	1	NA	NA	Alteromonadales
1357915	4	5	NA	NA	Arthrobacter sp. QXT-31
1358	NA	1	NA	NA	Lactococcus lactis
1363	1	1	NA	NA	Lactococcus garvieae
1367203	NA	1	NA	NA	Hemileuca sp. nucleopolyhedrovirus
1367205	NA	1	NA	NA	Choristoneura rosaceana alphabaculovirus
1367847	NA	12	NA	NA	Paracoccus aminophilus JCM 7686
136845	NA	1	NA	NA	Pseudomonas putida group
137	NA	1	NA	NA	Spirochaetaceae
1372	NA	2	NA	NA	Planococcus
137443	NA	1	NA	NA	Macropodid alphaherpesvirus 1
1375	NA	1	NA	NA	Aerococcus
137591	NA	1	NA	NA	Weissella cibaria
1376	NA	1	NA	NA	Aerococcus urinae
1379270	NA	1	NA	NA	Gemmatimonas phototrophica
1379870	NA	1	NA	NA	Spirosoma radiotolerans
1379910	NA	3	NA	NA	Rufibacter sp. DG31D
1385940	NA	1	NA	NA	Bifidobacterium breve JCM 7019
1386	NA	4	NA	NA	Bacillus
1387353	NA	1	NA	NA	Paludisphaera borealis
1389489	NA	1	NA	NA	Leifsonia xyli subsp. cynodontis DSM 46306
1390	2	NA	NA	NA	Bacillus amyloliquefaciens
1390395	NA	3	NA	NA	Sphingomonas sp. LK11
1392	1	NA	NA	NA	Bacillus anthracis
1392998	NA	4	NA	NA	Candidatus Methanoperedens nitroreducens
1396	1	2	NA	NA	Bacillus cereus
1401328	NA	1	NA	NA	Candidatus Endolissoclinum faulkneri L5
1405806	NA	33	NA	NA	Bhanja serogroup
1405807	NA	59	NA	NA	Razdan virus
1406	NA	3	NA	NA	Paenibacillus polymyxa
1408160	NA	1	NA	NA	Thermotoga profunda AZM34c06
1410383	NA	4	NA	NA	Candidatus Tachikawaea gelatinosa
1410664	NA	1	NA	NA	Methanobrevibacter wolinii SH
141451	NA	1	NA	NA	Oleiphilus messinensis
1415166	NA	2	NA	NA	Nocardia nova SH22a
1416627	2	NA	NA	1	Oceanisphaera profunda
1416753	NA	1	NA	NA	Ensifer adhaerens OV14
1416803	NA	1	NA	NA	Bordetella genomosp. 9
1421	1	1	NA	NA	Lysinibacillus sphaericus
1423	2	1	NA	NA	Bacillus subtilis
1427356	1	NA	NA	1	Hyphomicrobium nitrativorans
1428	2	1	NA	1	Bacillus thuringiensis
1432656	NA	1	NA	NA	Thermococcus guaymasensis DSM 11113
1433126	NA	3	NA	NA	Mucinivorans hirudinis
1434104	NA	1	NA	NA	Methanococcoides methylutens MM1
1434107	NA	2	NA	NA	Methanosarcina barkeri 3
1434306	NA	1	NA	NA	Streptomyces albulus ZPM
1437453	1	NA	NA	NA	Streptomyces leeuwenhoekii
1437824	NA	2	NA	NA	Castellaniella defragrans 65Phen
1441629	NA	1	NA	NA	Pseudomonas cichorii JBC1
1442136	NA	1	NA	NA	Ectothiorhodospira sp. BSL-9
1449976	NA	2	NA	NA	Kutzneria albida DSM 43870
1450746	NA	1	NA	NA	Pithovirus sibericum
145259	NA	4	NA	NA	Leptospira biflexa serovar Patoc
145261	NA	1010	NA	NA	Methanothermobacter wolfeii
1453429	NA	2	NA	NA	Candidatus Atelocyanobacterium thalassa isolate ALOHA
1453495	NA	2	NA	NA	Yersinia aldovae 670-83
1454006	NA	1	NA	NA	Siansivirga zeaxanthinifaciens CC-SAMT-1
1454589	NA	1	NA	NA	Salmonella enterica subsp. enterica serovar Anatum str. USDA-ARS-USMARC-1728
1455608	NA	1	NA	NA	Haladaptatus cibarius D43
1455609	NA	747	NA	NA	Haloterrigena jeotgali A29
1458985	NA	2	NA	NA	Moorea producens PAL-8-15-08-1
1462996	NA	1	NA	NA	Paenibacillus yonginensis
146919	NA	2	NA	NA	Salinibacter ruber
1470434	NA	1	NA	NA	Zhongshania aliphaticivorans
1474867	NA	1	NA	NA	Aureococcus anophagefferens virus
1476	NA	3	NA	NA	Sporosarcina psychrophila
147645	NA	2	NA	NA	Paracoccus yeei
1479	1	NA	NA	NA	Bacillus smithii
1479019	1	NA	NA	NA	Methylobacterium sp. C1
1484116	NA	1	NA	NA	Hymenobacter sp. PAMC 26554
1484118	NA	2	NA	1	Hymenobacter sp. PAMC 26628
1484158	2	NA	NA	1	Pantoea sp. PSNIH1
1484693	NA	1	NA	NA	Rhodoferax saidenbachensis
1485	NA	7	NA	NA	Clostridium
1486262	NA	2	NA	NA	Martelella endophytica
1486991	2	NA	NA	1	Candidatus Sodalis pierantonius
1488	NA	2	NA	NA	Clostridium acetobutylicum
1491	NA	1	NA	NA	Clostridium botulinum
1492	NA	2	NA	NA	Clostridium butyricum
1492898	1	NA	NA	NA	Flavisolibacter sp. LCS9
1495144	NA	1	NA	NA	methanogenic archaeon ISO4-H5
1495336	NA	8	NA	NA	Methanobacterium sp. SMA-27
1495769	NA	1	NA	NA	Candidatus Evansia muelleri
149698	NA	2	NA	NA	Massilia
1497	NA	1	NA	NA	Clostridium formicaceticum
1502216	NA	1	NA	NA	Kigluaik phantom virus
150247	NA	1	NA	NA	Anoxybacillus
1503054	NA	2	NA	NA	Burkholderia stagnalis
1504981	NA	1	NA	NA	Halomonas sp. KO116
1508657	NA	5	NA	NA	Ruminiclostridium
1509244	3	NA	NA	1	Candidatus Nucleicultrix amoebiphila
1511	1	3	NA	NA	Acetoanaerobium sticklandii
1513	NA	4	NA	NA	Clostridium tetani
1514105	NA	1	NA	NA	Erysipelothrix larvae
1528098	774	1	83	54	Rickettsiales bacterium Ac37b
1529069	1	NA	NA	NA	Polaribacter sp. BM10
1534	NA	2	NA	NA	Clostridium kluyveri
1536772	NA	1	NA	NA	Paenibacillus sp. FSL R7-0273
1546257	NA	2	NA	NA	Tipula oleracea nudivirus
1547283	NA	5	NA	NA	Bacillus weihaiensis
1548547	NA	14	NA	NA	Woeseia oceani
1549855	1	NA	NA	NA	Haematospirillum jordaniae
1549858	NA	1	NA	NA	Sphingomonas taxi
1552	NA	2	NA	NA	Clostridium estertheticum subsp. estertheticum
1555112	NA	1	NA	NA	Limnochorda pilosa
1560345	NA	1	NA	NA	Sphingomonas panacis
1561	NA	1	NA	NA	Clostridium baratii
1564114	NA	1	NA	NA	Rhodococcus sp. B7740
1564681	NA	3	NA	NA	Carnobacterium sp. CP1
1565	8	NA	NA	NA	Desulfotomaculum nigrificans
1565990	NA	1	NA	NA	Chicken orivirus 1
1566358	1	2	NA	NA	Paenibacillus sp. IHBB 10380
157	NA	1	NA	NA	Treponema
157920	NA	1	NA	NA	Cellulosimicrobium
1579316	1	1	NA	NA	Halocynthiibacter arcticus
158189	NA	2	NA	NA	Sphaerochaeta globosa str. Buddy
158190	NA	1	NA	NA	Sphaerochaeta pleomorpha str. Grapes
1583098	1	NA	NA	NA	Fusobacterium hwasookii
1584	NA	1	NA	NA	Lactobacillus delbrueckii
1586287	NA	2	NA	NA	Lentzea guizhouensis
158683	NA	9	NA	NA	Diadromus pulchellus ascovirus 4a
158822	10	NA	NA	2	Cedecea neteri
158836	1	NA	NA	NA	Enterobacter hormaechei
159087	NA	3	NA	NA	Dechloromonas aromatica RCB
159150	NA	NA	17	NA	Shamonda orthobunyavirus
1592897	1	NA	NA	NA	Coxiella-like endosymbiont
1608628	1	1	NA	NA	Candidatus Filomicrobium marinum
1609966	NA	1	NA	NA	Confluentimicrobium sp. EMB200-NS6
1609977	NA	2	NA	NA	Sphingomonas hengshuiensis
1610493	NA	2	NA	NA	Tessaracoccus flavus
161398	NA	1	NA	NA	Pseudoalteromonas phenolica
161895	NA	1	NA	NA	Corynebacterium phocae
161899	NA	1	NA	NA	Corynebacterium singulare
1619308	NA	1	NA	NA	Cnuibacter physcomitrellae
1619313	21	NA	21	NA	Erwinia gerundensis
162209	NA	1	NA	NA	Paenibacillus naphthalenovorans
1623296	NA	1	NA	NA	Phicbkvirus
1630135	NA	2	NA	NA	Dermabacter vaginalis
1630693	NA	1	NA	NA	Gemmata sp. SH-PL17
163164	4	NA	NA	2	Wolbachia endosymbiont of Drosophila melanogaster
1632864	NA	1	NA	NA	Planctomyces sp. SH-PL14
1636182	NA	1	NA	NA	Sinorhizobium phage phiM9
1637999	NA	1	NA	NA	Verrucomicrobia bacterium IMCC26134
1642647	NA	7	NA	NA	Proteiniphilum saccharofermentans
164348	NA	1	NA	NA	Streptomyces puniciscabiei
1643951	NA	1	NA	NA	Pseudothermotoga
1644061	NA	8	NA	NA	Natrialbaceae
1644130	2	NA	NA	NA	Maribacter sp. 1_2014MBL_MicDiv
164450	NA	1	NA	NA	Vulcanisaeta
1647413	NA	2	NA	NA	Anabaena sp. WA102
1647469	NA	1	NA	NA	Gordonia phage GAL1
1648404	NA	1	NA	NA	Erythrobacter atlanticus
1650660	NA	2	NA	NA	Vulcanisaeta sp. EB80
165695	NA	1	NA	NA	Sphingobium
165696	NA	1	NA	NA	Novosphingobium
1658665	NA	1	NA	NA	Mitsuaria sp. 7
1658672	1	NA	NA	NA	Ottowia sp. oral taxon 894
1661	NA	1	NA	NA	Trueperella pyogenes
1663	NA	7	NA	NA	Arthrobacter
1663591	NA	3	NA	NA	Magnetospirillum sp. XM-1
166501	4	NA	NA	NA	Thermobaculum terrenum
1678678	NA	1	NA	NA	Burkholderia sp. HB1
1679444	NA	1	NA	NA	Akkermansia glycaniphila
1680	1	NA	NA	NA	Bifidobacterium adolescentis
1685	NA	1	NA	NA	Bifidobacterium breve
1685010	NA	1	NA	NA	Chryseobacterium sp. IHB B 10212
1686310	NA	3	NA	1	Bartonella apis
1690248	1	NA	NA	NA	Arthrobacter sp. LS16
1690815	NA	5	NA	NA	Pseudonocardia sp. HH130630-07
1692238	1	NA	NA	NA	Enterobacter sp. FY-07
169760	NA	2	NA	NA	Paenibacillus stellifer
1702170	NA	1	NA	NA	Citrobacter sp. FDAARGOS_156
1702221	NA	2	NA	NA	Faecalibaculum rodentium
1702287	2144	1601	2248	1132	Negativicoccus massiliensis
1703	1	1	NA	NA	Brevibacterium linens
1703969	NA	1	NA	NA	Rhizobium sp. N324
1704044	NA	2	NA	2	Arthrobacter sp. ERGS1:01
1705394	NA	1	NA	NA	Candidatus Thioglobus autotrophicus
171	NA	2	NA	NA	Leptospira
171284	1	NA	NA	NA	Mycoplasma cynos
171437	NA	NA	73	NA	Tistrella mobilis
171549	NA	1	NA	NA	Bacteroidales
1715806	NA	1	NA	NA	Methanosarcina flavescens
1716	NA	3	NA	NA	Corynebacterium
1725411	1	NA	NA	NA	Streptomyces sp. CdTB01
1727163	NA	1	NA	NA	Algoriphagus sp. M8-2
1727164	NA	1	NA	NA	Pedobacter sp. PACM 27299
1727196	NA	1	NA	NA	Methylomonas sp. DH-1
1729720	NA	2	NA	NA	Salegentibacter sp. T436
173	NA	1	NA	NA	Leptospira interrogans
173479	NA	4	NA	NA	Gemmatimonas
1736674	NA	2	NA	NA	Algibacter alginicilyticus
1736675	NA	1	NA	NA	Devosia sp. A16
1737490	1	1	NA	NA	Cellvibrionaceae bacterium 017
1742993	NA	16	NA	NA	Pseudarthrobacter
1744	NA	1	NA	NA	Propionibacterium freudenreichii
1748	NA	1	NA	NA	Acidipropionibacterium acidipropionici
1749074	NA	2	NA	NA	Mycoplasma sp. (ex Biomphalaria glabrata)
1751286	NA	1	NA	NA	Nostoc sp. NIES-3756
1752063	NA	3	NA	NA	Fischerella sp. NIES-3754
1754	NA	1	NA	NA	Thermoanaerobacter
1755679	NA	1	NA	NA	Bacillus phage BM5
1758689	2	1	NA	NA	Serinicoccus sp. JLT9
1759059	42	3	29	NA	Caulobacteraceae bacterium OTSz_A_272
1760	NA	17	NA	NA	Actinobacteria
1763	NA	17	NA	NA	Mycobacterium
1763524	NA	1	NA	NA	Isosphaeraceae
1763536	NA	2	NA	NA	Thalassotalea crassostreae
1763538	NA	1	NA	NA	Paenibacillus sp. LPB0068
176652	NA	2	NA	NA	Invertebrate iridescent virus 6
1768108	NA	1	NA	NA	Deinococcus actinosclerus
1769296	NA	2	NA	NA	Candidatus Methanomethylophilus sp. 1R26
1771959	NA	1	NA	NA	Arthrobacter sp. ATCC 21022
1772	NA	1	NA	NA	Mycobacterium smegmatis
1773	22	NA	12	9	Mycobacterium tuberculosis
177437	NA	6	NA	NA	Desulfobacterium autotrophicum HRM2
177439	NA	2	NA	NA	Desulfotalea psychrophila LSv54
1775411	NA	6	NA	NA	Rhodanobacteraceae
1776293	NA	1	NA	NA	Bacillus phage Eldridge
1778262	NA	1	NA	NA	Candidatus Doolittlea endobia
1779382	2	1	NA	NA	Rhodothermaceae bacterium RA
1780507	NA	3	NA	NA	Myotis gammaherpesvirus 8
1781	NA	1	NA	NA	Mycobacterium marinum
1783257	NA	1	NA	NA	PVC group
1783272	NA	26	NA	NA	Terrabacteria group
1785995	NA	1	NA	1	Gemella sp. oral taxon 928
179	NA	1	NA	NA	Leptospirillum
1790137	NA	3	NA	NA	Wenyingzhuangia fucanilytica
1792032	NA	1	NA	NA	Bacillus phage SP-15
1792307	NA	1	NA	NA	Bosea sp. PAMC 26642
179408	NA	2	NA	NA	Oscillatoria nigro-viridis PCC 7112
1795043	NA	2	NA	NA	Burkholderia sp. PAMC 26561
1795631	NA	1	NA	NA	Variovorax sp. PAMC 28711
179636	NA	1	NA	NA	Alicycliphilus denitrificans
1796613	NA	1	NA	NA	Bacteroides caecimuris
1804	NA	2	NA	NA	Mycobacterium gilvum
1805457	NA	1	NA	NA	Mycobacterium phage Bipper
1805714	483	298	4882	5	Christensenella massiliensis
1810504	NA	1	NA	NA	Immundisolibacter cernigliae
1812480	NA	1	NA	NA	Streptomyces sp. fd1-xmd
1813	NA	1	NA	NA	Amycolatopsis
1822464	NA	3	NA	NA	Paraburkholderia
182337	44	NA	43	12	Erwinia billingiae
1823759	NA	2	NA	NA	Desulfuromonas sp. DDH964
1827	NA	3	NA	NA	Rhodococcus
1834198	NA	1	NA	NA	Ruminiclostridium sp. KB18
1834519	NA	1	NA	NA	Fibrella sp. ES10-3-2-2
1838286	NA	5	NA	NA	Lacunisphaera limnophila
1839801	NA	1	NA	NA	Dehalogenimonas formicexedens
184064	1	NA	NA	NA	Thermodesulfobium narugense
1841863	NA	3	NA	NA	Gordonibacter massiliensis
1842532	NA	1	NA	NA	Pelobacter sp. SFB93
1842535	NA	1	NA	NA	Blastomonas sp. RAC04
1847	NA	2	NA	NA	Pseudonocardia
1849032	6	6	NA	4	Arthrobacter sp. U41
1850250	2	1	NA	NA	Rhodobacter sp. LPB0142
1850526	NA	3	NA	NA	Arachidicoccus sp. BS20
1852377	2	1	NA	NA	Actinomyces sp. Marseille-P2985
1853232	NA	2	NA	NA	Hymenobacteraceae
1855519	NA	1	NA	NA	Sphingobium sp. EP60837
1860099	NA	1	NA	NA	Methanobrevibacter sp. A27
1863008	NA	NA	15	NA	Shigella phage SHFML-11
186802	NA	4	NA	NA	Clostridiales
186807	NA	1	NA	NA	Peptococcaceae
186817	NA	2	NA	NA	Bacillaceae
1870984	1	NA	NA	NA	Anaerococcus mediterraneensis
1873990	NA	1	NA	NA	Escherichia phage vB_EcoM_Alf5
187493	NA	1	NA	NA	Thalassolituus oleivorans
1879023	NA	1	NA	NA	Mycobacterium sp. djl-10
1883	NA	12	NA	NA	Streptomyces
1883416	NA	2	NA	NA	Halomonas sp. 1513
1888	NA	1	NA	NA	Streptomyces albus
1889	NA	1	NA	NA	Streptomyces ambofaciens
1889813	NA	1	NA	NA	Anaerolineaceae bacterium oral taxon 439
1890424	NA	1	NA	NA	Synechococcales
1890426	NA	1	NA	NA	Synechococcaceae
1891280	NA	2	NA	NA	Sulfolobus sp. A20
1891926	NA	33191	NA	NA	Fuerstia marisgermanicae
1896196	NA	2	NA	NA	Porphyrobacter sp. LM 6
1903266	NA	1	NA	NA	Cedratvirus A11
1903411	NA	4	NA	NA	Yersiniaceae
1903412	NA	1	NA	NA	Hafniaceae
1904640	NA	2	NA	NA	Betaproteobacteria bacterium GR16-43
1905730	2	NA	NA	NA	Pectobacterium parmentieri
1906246	NA	1	NA	NA	Natronomonas sp. CBA1134
190650	NA	1	NA	NA	Caulobacter crescentus CB15
1906738	NA	3	NA	NA	Hyphomonas sp. Mor2
1907	NA	2	NA	NA	Streptomyces glaucescens
190893	NA	1	NA	NA	Vibrio coralliilyticus
1909395	NA	1	NA	NA	Nonomuraea sp. ATCC 55076
1909732	NA	1	NA	1	Tessaracoccus sp. T2.5-30
191	NA	1	NA	NA	Azospirillum
1910951	NA	1	NA	NA	Alpha3microvirus
1912	NA	3	NA	NA	Streptomyces hygroscopicus
1913578	NA	1	NA	NA	Sphingopyxis sp. LPB0140
191412	NA	1	NA	NA	Chlorobiaceae
1915078	NA	1	NA	NA	Thioclava nitratireducens
1916956	1	NA	NA	1	Synechococcus sp. SynAce01
192	NA	1	NA	NA	Azospirillum brasilense
1920667	NA	1	NA	NA	Mycobacterium sp. WY10
1920883	NA	1	NA	NA	Marivivens sp. JLT3646
1921421	NA	1	NA	NA	Geobacillus genomosp. 3
1921510	NA	1	NA	NA	Sphingomonas sp. JJ-A5
1922217	1	NA	NA	NA	Candidatus Erwinia sp. ErCipseudotaxifoliae
1922348	NA	24	NA	NA	unclassified RNA viruses ShiM-2016
1922377	NA	5	NA	NA	Wenling chuvirus-like virus 1
1922433	NA	1067	NA	NA	Beihai mantis shrimp virus 6
1922483	NA	1	NA	NA	Beihai noda-like virus 29
1923235	NA	9	NA	NA	Hubei sobemo-like virus 47
1923236	NA	1	NA	NA	Hubei sobemo-like virus 48
1923237	NA	6	NA	NA	Hubei sobemo-like virus 49
1923467	NA	290	NA	NA	Shuangao insect virus 11
1923482	NA	4	NA	NA	Wenling crustacean virus 13
1923484	NA	10	NA	NA	Wenling crustacean virus 15
1923737	NA	4	NA	NA	Wuhan insect virus 34
1933191	NA	NA	16	NA	Uukuniemi phlebovirus
1933880	1	1	NA	NA	Glutamicibacter halophytocola
1933904	NA	1	NA	NA	Bartonella sp. WD16.2
1936080	NA	1	NA	NA	Winogradskyella sp. J14-2
1936081	NA	1	NA	NA	Seonamhaeicola sp. S2-3
1938604	NA	1	NA	NA	Aquaspirillum sp. LM1
1938605	NA	1	NA	NA	Brevundimonas sp. LM2
1938606	NA	1	NA	NA	Janthinobacterium sp. LM6
1938607	NA	1	NA	NA	Sphingomonas sp. LM7
194	NA	2	NA	NA	Campylobacter
1940	NA	1	NA	NA	Streptomyces albireticuli
1940555	NA	1	NA	NA	Murine roseolovirus
1944646	1	NA	NA	NA	Phoenicibacter massiliensis
1945662	NA	1	NA	NA	Paracoccus contaminans
194963	NA	1	NA	NA	Sinorhizobium americanum
195253	40	NA	40	NA	Synechococcus sp. PCC 6312
196	410	NA	71	NA	Campylobacter fetus
196117	NA	1	NA	NA	Methanocaldococcaceae
196118	NA	1	NA	NA	Methanocaldococcus
1963360	NA	2	NA	NA	Parachlamydiales
197	571	NA	163	2	Campylobacter jejuni
1971364	NA	1	NA	NA	Halomonas sp. GT
197221	NA	4	NA	NA	Thermosynechococcus elongatus BP-1
1978339	NA	46	NA	NA	Chromatiaceae bacterium 2141T.STBD.0c.01a
1978566	NA	2	NA	NA	Cryobacterium sp. LW097
1980410	NA	1	NA	NA	Bunyavirales
1985873	NA	NA	39	NA	Sulfuriferula sp. AH1
1986204	NA	1	NA	NA	Brevefilum fermentans
1986952	1	NA	NA	1	Sphingobacteriaceae bacterium GW460-11-11-14-LB5
2	NA	213	NA	NA	Bacteria
2005703	1	NA	NA	1	Enterococcus sp. MN05
200644	NA	1	NA	NA	Flavobacteriales
201174	NA	1	NA	NA	Actinobacteria
2014	NA	2	NA	NA	Nocardiopsis dassonvillei
203122	NA	3	NA	NA	Saccharophagus degradans 2-40
203124	NA	5	NA	NA	Trichodesmium erythraeum IMS101
2041	NA	47	NA	NA	Aeromicrobium erythreum
204457	NA	2	NA	NA	Sphingomonadales
204669	NA	2	NA	NA	Candidatus Koribacter versatilis Ellin345
204773	NA	2	NA	NA	Herminiimonas arsenicoxydans
2053	NA	1	NA	NA	Gordonia
2054	2	NA	NA	NA	Gordonia bronchialis
208013	NA	2	NA	NA	Agrotis ipsilon multiple nucleopolyhedrovirus
208216	1	NA	NA	NA	Parvularcula bermudensis
208223	2	NA	NA	NA	Kosakonia cowanii
208439	NA	2	NA	NA	Amycolatopsis japonica
208596	NA	1	NA	NA	Carnobacterium sp. 17-4
208962	NA	1	NA	NA	Escherichia albertii
2093	NA	2	NA	NA	Mycoplasma
2094	87	5	87	59	Mycoplasma arginini
2097	NA	1	NA	NA	Mycoplasma genitalium
2099	1	NA	NA	NA	Mycoplasma hyopneumoniae
210	1	4	NA	NA	Helicobacter pylori
2104	1	1	NA	NA	Mycoplasma pneumoniae
2105	1	NA	NA	NA	Mycoplasma leachii
2109	NA	1	NA	NA	Mycoplasma synoviae
212035	1	1	NA	NA	Acanthamoeba polyphaga mimivirus
212767	NA	1	NA	NA	Mycobacterium sp. JS623
2132	NA	1	NA	NA	Spiroplasma
213849	NA	1	NA	NA	Campylobacterales
215689	1	NA	NA	NA	Erwinia sp. Ejp617
2157	NA	5	NA	NA	Archaea
2160	NA	1	NA	NA	Methanobacterium
216942	NA	2	NA	NA	Spiroplasma litorale
2172	NA	1	NA	NA	Methanobrevibacter
2182	NA	1	NA	NA	Methanococcales
2184	NA	1	NA	NA	Methanococcus
2194	NA	561	NA	NA	Methanomicrobiaceae
22	NA	6	NA	NA	Shewanella
2206	NA	1	NA	NA	Methanosarcinaceae
2207	NA	12	NA	NA	Methanosarcina
221988	NA	1	NA	NA	Mannheimia succiniciproducens MBEL55E
222136	NA	1	NA	NA	Helicobacter sp. MIT 01-6242
222557	NA	2	NA	NA	Macrobrachium rosenbergii nodavirus
2237	NA	5	NA	NA	Haloarcula
2239	NA	1	NA	NA	Halobacterium
224756	NA	1	NA	NA	Methanomicrobia
2249	NA	2	NA	NA	Halococcus
2251	NA	1	NA	NA	Haloferax
225992	13	NA	NA	NA	Comamonas kerstersii
226	NA	4	NA	NA	Alteromonas
2261	NA	1	NA	NA	Pyrococcus furiosus
2263	NA	2	NA	NA	Thermococcus
2267	NA	2	NA	NA	Thermoproteaceae
227290	NA	2	NA	NA	Rhizobium/Agrobacterium group
227882	NA	1	NA	NA	Streptomyces avermitilis MA-4680 = NBRC 14893
228400	NA	1	NA	NA	Haemophilus somnus 2336
228410	NA	1	NA	NA	Nitrosomonas europaea ATCC 19718
230089	NA	1	NA	NA	Photorhabdus temperata subsp. thracensis
2335	NA	2	NA	NA	Thermotoga
234267	NA	2	NA	NA	Candidatus Solibacter usitatus Ellin6076
234612	NA	4	NA	NA	Streptomyces sp. TN58
234827	2	NA	NA	NA	Candidatus Midichloria mitochondrii
235	2	NA	NA	NA	Brucella abortus
235266	NA	1	NA	NA	Acidianus filamentous virus 1
237	NA	2	NA	NA	Flavobacterium
2371	2	NA	NA	1	Xylella fastidiosa
238	NA	1	NA	NA	Elizabethkingia meningoseptica
239935	NA	1	NA	NA	Akkermansia muciniphila
2420	NA	1	NA	NA	Thermosipho
243090	NA	1	NA	NA	Rhodopirellula baltica SH 1
243233	NA	7	NA	NA	Methylococcus capsulatus str. Bath
243265	NA	1	NA	NA	Photorhabdus luminescens subsp. laumondii TTO1
243277	NA	1	NA	NA	Vibrio cholerae O1 biovar El Tor str. N16961
243899	1	NA	NA	NA	endosymbiont 'TC1' of Trimyema compressum
246195	NA	3	NA	NA	Dichelobacter nodosus VCS1703A
246197	NA	1	NA	NA	Myxococcus xanthus DK 1622
246273	85	1	31	4	Wolbachia endosymbiont of Cimex lectularius
247156	NA	1	NA	NA	Nocardia farcinica IFM 10152
251221	NA	2	NA	NA	Gloeobacter violaceus PCC 7421
251535	101	NA	NA	NA	Candidatus Blochmannia vafer
251698	NA	1	NA	NA	Pseudomonas syringae group genomosp. 2
251749	NA	1	NA	NA	Phaeocystis globosa virus
252514	NA	1	NA	NA	Microbulbifer thermotolerans
253245	241	NA	246	146	Owenweeksia hongkongensis
257708	2	1	NA	NA	Roseomonas gilardii
260149	NA	1	NA	NA	Aeromonas virus 65
261164	NA	1	NA	NA	Psychrobacter alimentarius
261292	NA	1	NA	NA	Nitrosomonas sp. Is79A3
261317	NA	1	NA	NA	Buchnera aphidicola (Cinara tujafilina)
262	NA	1	NA	NA	Francisella
262177	NA	1	NA	NA	Orgyia pseudotsugata multiple nucleopolyhedrovirus
263358	NA	5	NA	NA	Verrucosispora maris AB-18-032
263819	NA	1	NA	NA	Yersinia aleksiciae
264198	NA	5	NA	NA	Ralstonia eutropha JMP134
264697	NA	2	NA	NA	Bacillus muralis
265072	NA	4	NA	NA	Methylobacillus flagellatus KT
266264	NA	1	NA	NA	Cupriavidus metallidurans CH34
269798	NA	3	NA	NA	Cytophaga hutchinsonii ATCC 33406
269799	NA	3	NA	NA	Geobacter metallireducens GS-15
270	NA	11	NA	NA	Thermus
272123	NA	2	NA	NA	Anabaena cylindrica PCC 7122
2724	13	NA	NA	NA	Hirschia baltica
272624	NA	162	NA	NA	Legionella pneumophila subsp. pneumophila str. Philadelphia 1
272633	NA	2	NA	NA	Mycoplasma penetrans HF-2
272942	NA	1	NA	NA	Rhodobacter capsulatus SB 1003
272944	NA	1	NA	NA	Rickettsia conorii str. Malish 7
273116	NA	1	NA	NA	Thermoplasma volcanium GSS1
2742	NA	1	NA	NA	Marinobacter
2745	NA	1	NA	NA	Halomonas
2747	NA	1	NA	NA	Carnobacterium
278992	NA	1	NA	NA	Streptomyces ambofaciens ATCC 23877
279113	NA	1	NA	NA	Collimonas pratensis
279238	NA	1	NA	NA	Novosphingobium aromaticivorans DSM 12444
28072	NA	1	NA	NA	Nostoc sp. PCC 7524
281309	NA	483	NA	NA	[Bacillus thuringiensis] serovar konkukian str. 97-27
28131	NA	3	NA	NA	Prevotella intermedia
28173	NA	1	NA	NA	Vibrio nigripulchritudo
28209	NA	3	NA	NA	Chelatococcus
28211	NA	132	NA	NA	Alphaproteobacteria
28216	NA	1	NA	NA	Betaproteobacteria
28221	NA	1	NA	NA	Deltaproteobacteria
28223	1	NA	NA	NA	Desulfobacula toluolica
28231	NA	1	NA	NA	Geobacter
28258	NA	1	NA	NA	Cobetia marina
283686	2	NA	NA	NA	Kosakonia radicincitans
283734	NA	1	NA	NA	Staphylococcus pseudintermedius
283811	2	NA	NA	NA	Stackebrandtia nassauensis
28447	NA	4	NA	NA	Clavibacter michiganensis
28450	1	NA	NA	NA	Burkholderia pseudomallei
28452	1	NA	NA	NA	Leptospira alstonii
28453	NA	1	NA	NA	Sphingobacterium
286	NA	9	NA	NA	Pseudomonas
287	NA	4	NA	NA	Pseudomonas aeruginosa
28890	NA	39	NA	NA	Euryarchaeota
28898	NA	4	NA	NA	Campylobacter helveticus
28901	12	NA	6664	3	Salmonella enterica
289376	NA	3	NA	NA	Thermodesulfovibrio yellowstonii DSM 11347
290317	NA	1	NA	NA	Chlorobium phaeobacteroides DSM 266
290340	NA	1	NA	NA	Paenarthrobacter aurescens TC1
290399	7	3	NA	4	Arthrobacter sp. FB24
290402	NA	1	NA	NA	Clostridium beijerinckii NCIMB 8052
292459	NA	1	NA	NA	Symbiobacterium thermophilum IAM 14863
292564	NA	2	NA	NA	Cyanobium gracile PCC 6307
29263	NA	1	NA	NA	tick-borne encephalitis virus group
292800	NA	1	NA	NA	Flavonifractor plautii
292913	NA	1	NA	NA	Sphingopyxis sp. 113P3
293091	NA	1	NA	NA	Haloquadratum walsbyi
29320	NA	1	NA	NA	Paenarthrobacter nicotinovorans
29341	NA	1	NA	NA	Clostridium argentinense
293614	NA	1	NA	NA	Rickettsia akari str. Hartford
294	NA	3	NA	NA	Pseudomonas fluorescens
29405	1	NA	NA	1	Microlunatus phosphovorus
294671	NA	1	NA	NA	Methanobrevibacter olleyae
294699	1	NA	NA	1	Anoxybacillus amylolyticus
29485	NA	2	NA	1	Yersinia rohdei
29486	4	NA	NA	NA	Yersinia ruckeri
29487	NA	1	NA	NA	Photorhabdus
29501	1	NA	NA	NA	Mycoplasma haemofelis
29547	NA	2	NA	NA	Epsilonproteobacteria
29549	NA	1	NA	NA	Rhodothermus marinus
29555	1	NA	NA	1	Mycoplasma canis
296591	NA	1	NA	NA	Polaromonas sp. JS666
298653	NA	1	NA	NA	Frankia sp. EAN1pec
298654	NA	2	NA	NA	Frankia inefficax
299262	NA	1	NA	NA	Tateyamaria omphalii
302912	NA	1	NA	NA	Bifidobacterium animalis subsp. animalis
303	NA	3	NA	1	Pseudomonas putida
305	NA	1	NA	NA	Ralstonia solanacearum
306537	NA	1	NA	NA	Corynebacterium jeikeium K411
308754	NA	1	NA	NA	Rhodovulum sp. MB263
308865	NA	1	NA	NA	Elizabethkingia
309798	NA	1	NA	NA	Coprothermobacter proteolyticus DSM 5265
309801	NA	1	NA	NA	Thermomicrobium roseum DSM 5159
31	NA	1	NA	NA	Myxococcaceae
314146	NA	5876	NA	NA	Euarchontoglires
314225	NA	1	NA	NA	Erythrobacter litoralis HTCC2594
314260	NA	1	NA	NA	Parvularcula bermudensis HTCC2503
314275	274	NA	277	1	Alteromonas mediterranea
315456	NA	3	NA	NA	Rickettsia felis URRWXCal2
316055	NA	1	NA	NA	Rhodopseudomonas palustris BisA53
316058	NA	2	NA	NA	Rhodopseudomonas palustris HaA2
316067	NA	1	NA	NA	Geobacter daltonii FRC-32
316279	NA	1	NA	NA	Synechococcus sp. CC9902
317	NA	1	NA	NA	Pseudomonas syringae
318835	NA	1	NA	NA	Kimberley virus
319224	NA	1	NA	NA	Shewanella putrefaciens CN-32
319225	NA	2	NA	NA	Chlorobium luteolum DSM 273
319236	NA	2	NA	NA	Nonlabens sediminis
31958	NA	1	NA	NA	Amycolatopsis orientalis
31979	NA	1	NA	NA	Clostridiaceae
31989	NA	9	NA	NA	Rhodobacteraceae
319938	2	NA	NA	NA	Beggiatoa leptomitiformis
32	NA	1	NA	NA	Myxococcus
32008	NA	4	NA	NA	Burkholderia
32033	NA	2	NA	NA	Xanthomonadaceae
32051	NA	3	NA	NA	Synechococcus sp. WH 7803
32054	1	NA	NA	NA	Calothrix parietina
320787	NA	5	NA	NA	Cyclobacterium amurskyense
321327	NA	1	NA	NA	Synechococcus sp. JA-3-3Ab
321332	NA	2	NA	NA	Synechococcus sp. JA-2-3B'a(2-13)
322019	NA	17	NA	NA	Acanthocystis turfacea Chlorella virus 1
323259	NA	1	NA	NA	Methanospirillum hungatei JF-1
323415	3	NA	NA	NA	Dokdonella koreensis
323449	NA	2	NA	NA	Pontibacter
325348	NA	1	NA	NA	unclassified Badnavirus
326424	NA	2	NA	NA	Frankia alni ACN14a
328615	NA	4	NA	NA	Trichoplusia ni ascovirus 2c
329	NA	1	NA	NA	Ralstonia pickettii
33071	NA	2	NA	NA	Gloeobacter
330734	1	NA	NA	1	Marinobacter psychrophilus
331104	NA	1	NA	NA	Blattabacterium sp. (Blattella germanica) str. Bge
331113	NA	3	NA	NA	Simkania negevensis Z
334380	NA	1	NA	NA	Orientia tsutsugamushi str. Ikeda
335543	NA	8	NA	NA	Syntrophobacter fumaroxidans MPOB
335659	NA	1	NA	NA	Bradyrhizobium sp. S23321
335929	NA	3	NA	NA	Erythrobacteraceae
338	NA	1	NA	NA	Xanthomonas
338190	NA	1	NA	NA	Nitrosopumilaceae
338191	NA	1	NA	NA	Nitrosopumilus
338565	6	NA	NA	4	Erwinia tasmaniensis
33882	NA	1	NA	NA	Microbacterium
33888	NA	1	NA	NA	Rathayibacter tritici
33934	NA	1	NA	NA	Anoxybacillus flavithermus
33959	1	NA	NA	NA	Lactobacillus johnsonii
33989	75	2	NA	438	Rickettsia amblyommatis
33990	869	3	884	557	Rickettsia bellii
33991	5	NA	NA	NA	Rickettsia montanensis
33992	5	7	NA	13	Rickettsia rhipicephali
34020	1	NA	NA	NA	Candidatus Liberibacter africanus
34021	1	NA	NA	NA	Candidatus Liberibacter asiaticus
34037	NA	2	NA	NA	Rahnella
34062	NA	1	NA	NA	Moraxella osloensis
34085	NA	1	NA	NA	Riemerella anatipestifer
34098	NA	1	NA	NA	Blattabacterium
343509	NA	1	NA	NA	Sodalis glossinidius str. 'morsitans'
347208	NA	1	NA	NA	Arthrobacter sp. J3.37
347209	NA	1	NA	NA	Arthrobacter sp. J3.40
347213	NA	2	NA	NA	Arthrobacter sp. J3.49
349102	NA	1	NA	NA	Rhodobacter sphaeroides ATCC 17025
349124	NA	4	NA	NA	Halorhodospira halophila SL1
349161	NA	1	NA	NA	Desulfotomaculum reducens MI-1
349221	1	NA	NA	NA	Micavibrio aeruginosavorus
349521	NA	2	NA	NA	Hahella chejuensis KCTC 2396
350688	NA	1	NA	NA	Alkaliphilus oremlandii OhILAs
351160	NA	1	NA	NA	Methanocella arvoryzae MRE50
351627	NA	1	NA	NA	Caldicellulosiruptor saccharolyticus DSM 8903
351671	1	NA	NA	NA	Xenorhabdus doucetiae
35304	NA	1	NA	NA	Bunyamwera virus
35312	NA	1	NA	NA	Capim virus
35554	NA	1	NA	NA	Geobacter sulfurreducens
356	NA	13	NA	NA	Rhizobiales
357	NA	1	NA	NA	Agrobacterium
357244	NA	1	NA	NA	Orientia tsutsugamushi str. Boryong
35746	NA	1	NA	NA	Haloferax gibbonsii
357804	NA	10	NA	NA	Psychromonas ingrahamii 37
357809	NA	1	NA	NA	Lachnoclostridium phytofermentans ISDg
35791	1	NA	NA	NA	Rickettsia massiliae
35794	367	NA	372	14	Rickettsia slovaca
35795	155	NA	146	5	Ehrlichia muris
359	1	NA	NA	NA	Agrobacterium rhizogenes
360911	NA	2	NA	NA	Exiguobacterium sp. AT1b
361575	32	NA	33	38	Pseudarthrobacter phenanthrenivorans
362257	NA	1	NA	NA	Streptomyces vietnamensis
362837	2	NA	NA	1	Spiroplasma cantharicola
363408	NA	1	NA	NA	Nonlabens
36403	NA	1	NA	NA	Potato virus T
364410	NA	4	NA	1	Granulibacter bethesdensis
364745	NA	29622	100526	NA	Choristoneura occidentalis granulovirus
365044	NA	1	NA	NA	Polaromonas naphthalenivorans CJ2
367189	8	NA	NA	15	Haladaptatus paucihalophilus
367190	NA	1	NA	NA	Yersinia similis
36805	NA	1	NA	NA	Microbacterium aurum
368408	NA	1	NA	NA	Thermofilum pendens Hrk 5
36853	NA	1	NA	NA	Desulfitobacterium
370323	21	NA	NA	12	Haloterrigena limicola
37332	NA	2	NA	NA	Nocardia seriolae
373903	NA	1	NA	NA	Halothermothrix orenii H 168
374	NA	1	NA	NA	Bradyrhizobium
374840	NA	290	8544	NA	Enterobacteria phage phiX174 sensu lato
374847	NA	2	NA	NA	Candidatus Korarchaeum cryptofilum OPF8
375175	6	1	NA	NA	Lactobacillus backii
376489	NA	1	NA	NA	Halotalea alkalilenta
376686	NA	1	NA	NA	Flavobacterium johnsoniae UW101
377629	NA	4	NA	NA	Teredinibacter turnerae T7901
378753	NA	2	NA	NA	Kocuria rhizophila DC2201
378806	NA	1	NA	NA	Stigmatella aurantiaca DW4/3-1
379	NA	1	NA	NA	Rhizobium
37919	1	NA	NA	NA	Rhodococcus opacus
37927	1	1	NA	NA	Sinomonas atrocyanea
380021	NA	1	NA	NA	Pseudomonas protegens
381	NA	1	NA	NA	Mesorhizobium loti
381666	NA	1	NA	NA	Ralstonia eutropha H16
381764	NA	10	NA	NA	Fervidobacterium nodosum Rt17-B1
382	NA	1	NA	NA	Sinorhizobium meliloti
383372	NA	2	NA	NA	Roseiflexus castenholzii DSM 13941
384	NA	1	NA	NA	Rhizobium leguminosarum
384616	NA	1	NA	NA	Pyrobaculum islandicum DSM 4184
386487	191	NA	NA	NA	Candidatus Ruthia magnifica
389348	NA	1	NA	NA	Protochlamydia naegleriophila
38986	2	NA	NA	1	Acholeplasma palmae
39152	NA	1	NA	NA	Methanococcus maripaludis
391616	NA	1	NA	NA	Octadecabacter arcticus 238
392500	NA	2	NA	NA	Shewanella woodyi ATCC 51908
39420	NA	2	NA	NA	Feldmannia species virus
394221	NA	2	NA	NA	Maricaulis maris MCS10
395492	NA	1	NA	NA	Rhizobium leguminosarum bv. trifolii WSM2304
395494	NA	2	NA	NA	Gallionella capsiferriformans ES-2
395495	NA	2	NA	NA	Leptothrix cholodnii SP-6
395961	NA	336	NA	NA	Cyanothece sp. PCC 7425
395965	NA	1	NA	NA	Methylocella silvestris BL2
396	NA	1	NA	NA	Rhizobium phaseoli
39766	30	NA	30	NA	Sulfurimonas denitrificans
398511	NA	1	NA	NA	Bacillus pseudofirmus OF4
398580	NA	2	NA	NA	Dinoroseobacter shibae DFL 12 = DSM 16493
398767	NA	1	NA	NA	Geobacter lovleyi SZ
399	NA	1	NA	NA	Neorhizobium galegae
399320	NA	1	NA	NA	Sphaerochaeta
39950	NA	1	NA	NA	Dialister pneumosintes
399550	NA	1	NA	NA	Staphylothermus marinus F1
399742	2	NA	NA	NA	Enterobacter sp. 638
401053	NA	1	NA	NA	Terriglobus saanensis SP1PR4
40323	NA	3	NA	NA	Stenotrophomonas
403833	NA	2	NA	NA	Petrotoga mobilis SJ95
404380	NA	1	NA	NA	Geobacter bemidjiensis Bem
404589	NA	3	NA	NA	Anaeromyxobacter sp. Fw109-5
405212	28	NA	NA	NA	Alicyclobacillus acidocaldarius
40576	NA	1	NA	NA	Xenorhabdus bovienii
407	NA	7	NA	NA	Methylobacterium
407035	NA	1	NA	NA	Salinicoccus halodurans
40754	NA	1	NA	NA	Thioploca ingrica
408	1	1	NA	NA	Methylobacterium extorquens
409026	NA	2	NA	NA	Phage Swp3
412690	1	NA	NA	NA	Microterricola viridarii
41295	NA	1	NA	NA	Rhodospirillaceae
41297	NA	5	NA	NA	Sphingomonadaceae
413882	NA	1	NA	NA	[Polyangium] brachysporum
41431	NA	40	NA	NA	Cyanothece sp. PCC 8801
414684	NA	1	NA	NA	Rhodospirillum centenum SW
415095	NA	1	NA	NA	Arthrobacter sp. AK-1
418223	2	NA	NA	NA	Methylobacterium phyllosphaerae
42239	1	1	NA	NA	Streptomyces sampsonii
42253	NA	1	NA	NA	Nitrospira moscoviensis
425104	NA	2	NA	NA	Shewanella sediminis HAW-EB3
426117	NA	1	NA	NA	Methylobacterium sp. 4-46
42862	548	NA	610	42	Rickettsia felis
43263	NA	1	NA	NA	Pseudomonas alcaligenes
433	NA	5	NA	NA	Acetobacteraceae
434	NA	1	NA	NA	Acetobacter
435590	NA	1	NA	NA	Bacteroides vulgatus ATCC 8482
43657	NA	1	NA	NA	Pseudoalteromonas luteoviolacea
43658	NA	3	NA	NA	Pseudoalteromonas rubra
43662	NA	1	NA	NA	Pseudoalteromonas piscicida
43687	NA	2	NA	NA	Metallosphaera sedula
439235	NA	1	NA	NA	Desulfatibacillum alkenivorans AK-01
439481	NA	1	NA	NA	Aciduliprofundum boonei T469
43988	NA	1	NA	NA	Cyanothece
43989	1	NA	NA	NA	Cyanothece sp. ATCC 51142
44000	NA	2	NA	NA	Caldicellulosiruptor
440085	NA	1	NA	NA	Methylobacterium extorquens CM4
442	NA	2	NA	NA	Gluconobacter oxydans
44249	NA	4	NA	NA	Paenibacillus
443143	NA	1	NA	NA	Geobacter sp. M18
443144	NA	1	NA	NA	Geobacter sp. M21
443218	NA	1	NA	NA	Hoyosella subflava DQS3-9A1
445710	NA	1	NA	NA	Dyella thiooxydans
44574	1	NA	NA	NA	Nitrosomonas communis
445932	NA	2	NA	NA	Elusimicrobium minutum Pei191
445986	NA	1	NA	NA	Borrelia afzelii ACA-1
446	NA	1	NA	NA	Legionella pneumophila
446462	NA	4	NA	NA	Actinosynnema mirum DSM 43827
446469	NA	3	NA	NA	Sanguibacter keddieii DSM 10542
44930	NA	1	NA	NA	Natronobacterium gregoryi
450	NA	1	NA	NA	Legionella longbeachae
450851	NA	1	NA	NA	Phenylobacterium zucineum HLK1
452637	NA	2	NA	NA	Opitutus terrae PB90-1
452652	NA	1	NA	NA	Kitasatospora setae KM-6054
452662	NA	1	NA	NA	Sphingobium japonicum UT26S
452863	NA	18	NA	NA	Pseudarthrobacter chlorophenolicus A6
453230	12	NA	NA	NA	Desulfarculus baarsii
455363	NA	1	NA	NA	unclassified Phycodnaviridae
455364	NA	2	NA	NA	Chrysochromulina ericina virus
456320	NA	2	NA	NA	Methanococcus voltae A3
45658	1	NA	NA	NA	Vibrio scophthalmi
457428	NA	1	NA	NA	Streptomyces lividans TK24
457570	NA	2	NA	NA	Natranaerobius thermophilus JW/NM-WN-LF
463014	NA	1	NA	NA	Bordetella flabilis
463040	NA	5	NA	NA	Bordetella genomosp. 13
46354	3	NA	NA	NA	Thermoanaerobacter wiegelii
46541	NA	1	NA	NA	Thermosipho melanesiensis
465541	NA	1	NA	NA	Streptomyces sp. Mg1
465817	NA	2	NA	NA	Erwinia tasmaniensis Et1/99
469	NA	2	NA	NA	Acinetobacter
469371	NA	1	NA	NA	Thermobispora bispora DSM 43833
469382	NA	1	NA	NA	Halogeometricum borinquense DSM 11551
469383	NA	1	NA	NA	Conexibacter woesei DSM 14684
471852	NA	2	NA	NA	Thermomonospora curvata DSM 43183
471856	NA	1	NA	NA	Jonesia denitrificans DSM 20603
472569	1	NA	NA	NA	Devriesea agamarum
472759	NA	1	NA	NA	Nitrosococcus halophilus Nc 4
47589	214	NA	214	148	Rickettsia peacockii
476157	NA	2	NA	NA	Altererythrobacter ishigakiensis
47715	NA	1	NA	NA	Lactobacillus rhamnosus
47763	NA	2	NA	NA	Streptomyces lydicus
478801	NA	1	NA	NA	Kytococcus sedentarius DSM 20547
47917	5	4	NA	NA	Serratia fonticola
479432	NA	1	NA	NA	Streptosporangium roseum DSM 43021
479433	NA	1	NA	NA	Catenulispora acidiphila DSM 44928
479435	NA	1	NA	NA	Kribbella flavida DSM 17836
48	NA	4	NA	NA	Archangium gephyra
481	NA	1	NA	NA	Neisseriaceae
481743	NA	1	NA	NA	Paenibacillus sp. Y412MC10
485914	NA	1	NA	NA	Halomicrobium mukohataei DSM 12286
485915	NA	1	NA	NA	Desulfohalobium retbaense DSM 5692
485916	NA	2	NA	NA	Desulfotomaculum acetoxidans DSM 771
485918	NA	3	NA	NA	Chitinophaga pinensis DSM 2588
487	4	NA	NA	NA	Neisseria meningitidis
48736	NA	1	NA	NA	Ralstonia
488538	NA	1	NA	NA	Candidatus Puniceispirillum marinum IMCC1322
488729	NA	2	NA	NA	Burkholderia metallica
48935	1	NA	NA	NA	Novosphingobium aromaticivorans
49	NA	1	NA	NA	Polyangiaceae
490899	NA	1	NA	NA	Desulfurococcus amylolyticus 1221n
49546	NA	7	NA	NA	Flavobacteriaceae
497724	1	NA	NA	NA	Campylobacter subantarcticus
497725	2	NA	NA	NA	Kosakonia oryzae
497965	NA	1	NA	NA	Cyanothece sp. PCC 7822
498848	NA	2	NA	NA	Thermus aquaticus Y51MC23
499555	1	NA	NA	1	Dietzia timorensis
502025	NA	1	NA	NA	Haliangium ochraceum DSM 14365
506	NA	3	NA	NA	Alcaligenaceae
507754	1343	NA	NA	554	Acidiplasma aeolicum
511051	NA	1	NA	NA	Caldisericum exile AZM16c01
511435	NA	1	NA	NA	Candidatus Azobacteroides pseudotrichonymphae
51197	1	NA	NA	NA	Syntrophobotulus glycolicus
51229	1	NA	NA	NA	Wigglesworthia glossinidia
517418	NA	2	NA	NA	Chloroherpeton thalassium ATCC 35110
519	NA	1	NA	NA	Bordetella parapertussis
519472	NA	1	NA	NA	Vagococcus teuberi
52	NA	7	NA	NA	Chondromyces crocatus
521045	NA	2	NA	NA	Kosmotoga olearia TBF 19.5.1
521096	NA	2	NA	NA	Tsukamurella paurometabola DSM 20162
521460	NA	1	NA	NA	Caldicellulosiruptor bescii DSM 6725
521674	NA	2	NA	NA	Planctopirus limnophila DSM 3776
522	NA	1	NA	NA	Acidiphilium
52227	12	NA	12	1	Prevotella dentalis
522306	NA	2	NA	NA	Candidatus Accumulibacter phosphatis clade IIA str. UW-1
523844	NA	1	NA	NA	Methanosarcina thermophila TM-1
525898	NA	1	NA	NA	Sulfurospirillum deleyianum DSM 6946
525903	NA	3	NA	NA	Thermanaerovibrio acidaminovorans DSM 6589
525904	NA	1	NA	NA	Thermobaculum terrenum ATCC BAA-798
526218	NA	2	NA	NA	Sebaldella termitidis ATCC 33386
526224	NA	1	NA	NA	Brachyspira murdochii DSM 12563
526225	NA	1	NA	NA	Geodermatophilus obscurus DSM 43160
526227	NA	1	NA	NA	Meiothermus silvanus DSM 9946
526945	NA	3	NA	NA	Rhizobium etli CIAT 894
52773	NA	1	NA	NA	Actinomyces meyeri
528191	NA	1	NA	NA	Paenibacillus xylanexedens
528314	NA	1	NA	NA	Methanoculleus horonobensis
529883	NA	1	NA	NA	Rhodoluna
531844	NA	1	NA	NA	Flavobacteriaceae bacterium 3519-10
53246	NA	3	NA	NA	Pseudoalteromonas
533	5	NA	NA	NA	Beijerinckia indica
53335	NA	2	NA	NA	Pantoea
53336	14	NA	NA	NA	Tatumella citrea
53444	NA	2	NA	NA	Lactobacillus lindneri
535	NA	1	NA	NA	Chromobacterium
535712	NA	1	NA	NA	Candidatus Rhodoluna planktonica
538025	NA	123	NA	NA	Rhizobium etli 8C-3
53945	NA	1	NA	NA	Octadecabacter
54258	NA	1	NA	NA	Ignicoccus
54262	14361	NA	NA	1	Thermococcus chitonophagus
54291	1	NA	NA	1	Raoultella ornithinolytica
543	NA	5	NA	NA	Enterobacteriaceae
543728	NA	1	NA	NA	Variovorax paradoxus S110
544580	NA	12	NA	NA	Actinomyces oris
546271	NA	1	NA	NA	Selenomonas sputigena ATCC 35185
547043	NA	3	NA	NA	Bifidobacterium pseudocatenulatum DSM 20438 = JCM 1200 = LMG 10505
547188	1	NA	NA	1	Phycisphaera mikurensis
548	NA	1	NA	NA	Klebsiella aerogenes
549	1	NA	NA	NA	Pantoea agglomerans
551	NA	2	NA	NA	Erwinia
551115	NA	1	NA	NA	'Nostoc azollae' 0708
552	1	NA	NA	4	Erwinia amylovora
552810	1	NA	NA	NA	Dehalogenimonas lykanthroporepellens
553174	NA	1	NA	NA	Prevotella melaninogenica ATCC 25845
553510	NA	3	NA	NA	Streptomyces gilvosporeus
554	1	NA	NA	NA	Pectobacterium carotovorum
555079	NA	1	NA	NA	Thermosediminibacter oceani DSM 16646
555778	NA	1	NA	NA	Halothiobacillus neapolitanus c2
55601	1	NA	NA	NA	Vibrio anguillarum
556287	1	NA	NA	1	Candidatus Liberibacter solanacearum
55758	NA	1	NA	NA	Methanobrevibacter filiformis
558016	NA	1	NA	NA	Alphabaculovirus
56	NA	5	NA	NA	Sorangium cellulosum
56110	NA	1	NA	NA	Oscillatoria acuminata PCC 6304
562	27	6	12	92	Escherichia coli
563	5	NA	NA	NA	Shimwellia blattae
563040	NA	1	NA	NA	Sulfurimonas autotrophica DSM 16294
563798	NA	1	NA	NA	Cyclobacteriaceae
569	2	NA	NA	2	Hafnia alvei
570	NA	1	NA	NA	Klebsiella
571	16	NA	16	1	Klebsiella oxytoca
571915	NA	82	NA	NA	Corynebacterium mustelae
572477	NA	1	NA	NA	Allochromatium vinosum DSM 180
572544	NA	2	NA	NA	Ilyobacter polytropus DSM 2926
572546	NA	1	NA	NA	Archaeoglobus profundus DSM 5631
573	5	1	NA	52	Klebsiella pneumoniae
573064	NA	4	NA	NA	Methanocaldococcus fervens AG86
573570	NA	3	NA	NA	Francisella sp. TX077310
575540	NA	10	NA	NA	Isosphaera pallida ATCC 43644
575788	NA	1	NA	NA	Vibrio tasmaniensis LGP32
577650	NA	1	NA	NA	Desulfobulbus propionicus DSM 2032
57975	2	NA	NA	NA	Burkholderia thailandensis
58049	NA	10	NA	NA	Colwellia sp. MT41
582	2	NA	NA	NA	Morganella morganii
582419	NA	1	NA	NA	Thermococcus paralvinellae
583355	NA	1	NA	NA	Coraliomargarita akajimensis DSM 45221
584	NA	1	NA	NA	Proteus mirabilis
587	1	NA	NA	NA	Providencia rettgeri
588898	NA	1	NA	NA	Haloterrigena daqingensis
589873	NA	1	NA	NA	Alteromonas australica
589924	NA	1	NA	NA	Ferroglobus placidus DSM 10642
590409	NA	1668	NA	NA	Dickeya zeae Ech586
590998	NA	1	NA	NA	Cellulomonas fimi ATCC 484
591167	NA	1	NA	NA	Streptomyces pratensis ATCC 33331
59202	NA	1	NA	NA	Salmonella enterica subsp. salamae
592316	1	NA	NA	NA	Pantoea sp. At-9b
59374	NA	5	NA	NA	Fibrobacter succinogenes subsp. succinogenes S85
59505	NA	1	NA	NA	Actinotignum schaalii
595537	NA	1	NA	NA	Variovorax paradoxus EPS
595593	NA	1	NA	NA	Arthrobacter sp. A3
596154	NA	1	NA	NA	Alicycliphilus denitrificans K601
59732	NA	1	NA	NA	Chryseobacterium
59753	NA	1	NA	NA	Alcanivorax
598659	NA	1	NA	NA	Nautilia profundicola AmH
60520	1	NA	NA	NA	Lactobacillus paraplantarum
60550	NA	1	NA	NA	Burkholderia pyrrocinia
608506	NA	1	NA	NA	Caldicellulosiruptor obsidiansis OB47
613	NA	5	NA	NA	Serratia
61435	NA	1	NA	NA	Dehalococcoides mccartyi
615	1	1	NA	NA	Serratia marcescens
621456	NA	3	NA	NA	Sphingomonas melonis TY
623	NA	1	NA	NA	Shigella flexneri
62322	NA	8	NA	NA	Shewanella baltica
627192	NA	1	NA	NA	Sphingobium sp. SYK-6
629	NA	1	NA	NA	Yersinia
62928	NA	1	NA	NA	Azoarcus sp. BH72
630	7	NA	NA	5	Yersinia enterocolitica
63186	NA	1	NA	NA	Zobellia galactanivorans
632	3	NA	NA	NA	Yersinia pestis
632772	NA	1	NA	NA	Rhodococcus opacus B4
633	NA	3	NA	NA	Yersinia pseudotuberculosis
633148	NA	1	NA	NA	Thermosphaera aggregans DSM 11486
634500	NA	2	NA	NA	Erwinia billingiae Eb661
63612	7	NA	NA	NA	Sodalis glossinidius
63737	NA	2	NA	NA	Nostoc punctiforme PCC 73102
639283	NA	1	NA	NA	Starkeya novella DSM 506
640511	NA	1	NA	NA	Burkholderia sp. CCGE1002
643648	NA	1	NA	NA	Syntrophothermus lipocalidus DSM 12680
644	8	2	NA	NA	Aeromonas hydrophila
646529	NA	1	NA	NA	Desulfosporosinus acidiphilus SJ4
647113	NA	2	NA	NA	Methanothermococcus okinawensis IH1
647171	NA	5	NA	NA	Methanotorris formicicus Mc-S-70
648757	NA	1	NA	NA	Rhodomicrobium vannielii ATCC 17100
648996	NA	2	NA	NA	Thermovibrio ammonificans HB-1
649349	NA	2	NA	NA	Leadbetterella byssophila DSM 17132
65058	NA	1	NA	NA	Corynebacterium ulcerans
65093	NA	2	NA	NA	Halothece sp. PCC 7418
651137	NA	2	NA	NA	Thaumarchaeota
651182	NA	3	NA	NA	Desulfobacula toluolica Tol2
653045	NA	2	NA	NA	Streptomyces violaceusniger Tu 4113
653733	NA	1	NA	NA	Desulfurispirillum indicum S5
65393	NA	3	NA	NA	Cyanothece sp. PCC 7424
655015	NA	1	NA	NA	Methylocystis bryophila
655183	NA	1	NA	NA	Lactobacillus casei group
656366	NA	2	NA	NA	Arthrobacter alpinus
661478	NA	2	NA	NA	Fimbriimonas ginsengisoli Gsoil 348
662	NA	2	NA	NA	Vibrio
662478	NA	1	NA	NA	Haloferax denitrificans ATCC 35960
663	NA	6	NA	NA	Vibrio alginolyticus
663278	NA	1	NA	NA	Ethanoligenens harbinense YUAN-3
666509	NA	2	NA	NA	Planktomarina temperata RCA23
666681	NA	1	NA	NA	Methylotenera versatilis 301
66851	NA	1	NA	NA	Methanobrevibacter oralis
669041	NA	1	NA	NA	Tenacibaculum dicentrarchi
669357	NA	1	NA	NA	Geminocystis
670	1	1	NA	NA	Vibrio parahaemolyticus
670052	NA	1	NA	NA	Cryobacterium arcticum
671223	NA	1	NA	NA	Propionibacterium sp. oral taxon 193
672	3	NA	NA	1	Vibrio vulnificus
675635	NA	3	NA	NA	Pseudonocardia dioxanivorans CB1190
676	NA	1	NA	NA	Vibrio fluvialis
67825	7	NA	NA	NA	Citrobacter rodentium
679935	NA	1	NA	NA	Alistipes finegoldii DSM 17242
680	NA	1	NA	NA	Vibrio campbellii
680198	NA	1	NA	NA	Streptomyces scabiei 87.22
68249	NA	2	NA	NA	Streptomyces pactum
682795	NA	2	NA	NA	Granulicella mallensis MP5ACTX8
68287	NA	3	NA	NA	Mesorhizobium
68288	NA	1	NA	NA	Cyclobacterium
68570	4	2	NA	NA	Streptomyces albulus
685727	NA	1	NA	NA	Rhodococcus hoagii 103S
686597	NA	1	NA	NA	Martelella sp. AD-3
687	4	1	NA	2	Vibrio gazogenes
68895	NA	1	NA	NA	Cupriavidus basilensis
690850	NA	1	NA	NA	Desulfovibrio africanus str. Walvis Bay
692370	NA	1	NA	NA	Altererythrobacter dongtanensis
693272	NA	3	NA	NA	Cafeteria roenbergensis virus BV-PW1
69373	NA	1	NA	NA	Curtobacterium pusillum
69395	NA	1	NA	NA	Caulobacter henricii
693979	NA	1	NA	NA	Bacteroides helcogenes P 36-108
694427	NA	3	NA	NA	Paludibacter propionicigenes WB4
695562	NA	1	NA	NA	Lactobacillus amylovorus GRL1118
698828	NA	1	NA	NA	Kushneria sp. X49
700598	NA	3	NA	NA	Niastella koreensis GR20-10
702113	NA	1	NA	NA	Novosphingobium sp. PP1Y
70255	1	NA	NA	NA	Staphylococcus condimenti
703	NA	1	NA	NA	Plesiomonas shigelloides
706587	NA	3	NA	NA	Desulfomonile tiedjei DSM 6799
710421	NA	1	NA	NA	Mycobacterium chubuense NBB4
710696	NA	1	NA	NA	Intrasporangium calvum DSM 43043
713585	NA	2	NA	NA	Thioalkalivibrio paradoxus ARh 1
71518	122	NA	NA	91	Methanocorpusculum bavaricum
716544	NA	2	NA	NA	Waddlia chondrophila WSU 86-1044
716816	NA	1	NA	NA	Oceanicoccus sagamiensis
717605	NA	1	NA	NA	Thermobacillus composti KWC4
717610	NA	2	NA	NA	Vibrio harveyi group
717773	NA	1	NA	NA	Thioalkalimicrobium cyclicum ALM1
717785	NA	1	NA	NA	Hyphomicrobium sp. MC1
71999	NA	1	NA	NA	Kocuria palustris
72758	NA	1	NA	NA	Staphylococcus capitis subsp. capitis
72763	NA	1	NA	NA	Tessaracoccus
74318	19	NA	NA	NA	Maricaulis maris
743525	NA	1	NA	NA	Thermus scotoductus SA-01
743720	NA	2	NA	NA	Pseudomonas fulva 12-X
743966	NA	1	NA	NA	Mycoplasma bovoculi M165/69
744872	NA	3	NA	NA	Treponema caldarium DSM 7334
744985	1	45	NA	NA	alpha proteobacterium HIMB59
74660	NA	1	NA	NA	Choristoneura fumiferana DEF multiple nucleopolyhedrovirus
746697	NA	2	NA	NA	Aequorivita sublithincola DSM 14238
749222	NA	3	NA	NA	Nitratifractor salsuginis DSM 16511
749414	NA	3	NA	NA	Streptomyces bingchenggensis BCW-1
74968	NA	2	NA	NA	Ferroplasma
75	NA	7	NA	NA	Caulobacter
75105	NA	2	NA	NA	Paraburkholderia caribensis
754035	NA	1	NA	NA	Mesorhizobium australicum WSM2073
754476	NA	2	NA	NA	Methylophaga nitratireducenticrescens
754477	1	NA	NA	NA	Methylophaga frappieri
755731	NA	2	NA	NA	Clostridium sp. BNL1100
756272	NA	3	NA	NA	Rubinisphaera brasiliensis DSM 5305
756499	NA	1	NA	NA	Desulfitobacterium dehalogenans ATCC 51507
758847	NA	1	NA	NA	Leptospira santarosai serovar Shermani str. LT 821
760192	NA	7	NA	NA	Haliscomenobacter hydrossis DSM 1100
76114	NA	6	NA	NA	Aromatoleum aromaticum EbN1
762948	NA	1	NA	NA	Rothia dentocariosa ATCC 17931
76594	2	NA	NA	NA	Cellulophaga baltica
766	NA	1	NA	NA	Rickettsiales
767029	NA	1	NA	NA	Pseudopropionibacterium propionicum F0230a
767031	NA	1	NA	NA	Prevotella denticola F0289
76759	NA	1	NA	NA	Pseudomonas monteilii
76761	1	2	NA	NA	Pseudomonas veronii
767817	NA	1	NA	NA	Desulfotomaculum gibsoniae DSM 7213
767892	250	NA	79	81	Candidatus Puniceispirillum marinum
768	NA	2	NA	NA	Anaplasma
76831	NA	2	NA	NA	Myroides
768507	NA	1	NA	NA	Cytophagales
76853	NA	1	NA	NA	Solibacillus silvestris
76856	NA	3	NA	NA	Fusobacterium nucleatum subsp. nucleatum
768706	NA	1	NA	NA	Desulfosporosinus orientis DSM 765
76887	NA	NA	17	NA	Caldivirga maquilingensis
76936	NA	1	NA	NA	Helicobacter typhlonius
773	NA	2	NA	NA	Bartonella
777	NA	1	NA	NA	Coxiella burnetii
779	6	1	NA	5	Ehrlichia ruminantium
780	NA	18	NA	NA	Rickettsia
782	13	2	NA	NA	Rickettsia prowazekii
78245	NA	4	NA	NA	Xanthobacter autotrophicus Py2
784	933	4	397	203	Orientia tsutsugamushi
785	415	2	99	42	Rickettsia typhi
786	77	NA	145	11	Rickettsia akari
787	1	NA	NA	1	Rickettsia australis
788	1203	NA	1224	61	Rickettsia canadensis
794903	NA	2	NA	NA	Opitutaceae bacterium TAV5
795665	NA	2	NA	NA	Hydrogenophaga sp. PBC
795797	NA	1	NA	NA	Halalkalicoccus jeotgali B3
797114	NA	1	NA	NA	Halosimplex carlsbadense 2-9-1
797210	NA	3	NA	NA	Halopiger xanaduensis SH-6
79880	NA	1	NA	NA	Bacillus clausii
79967	1	NA	NA	NA	Erwinia pyrifoliae
80811	NA	3	NA	NA	Cystobacterineae
80840	NA	9	NA	NA	Burkholderiales
80849	42	NA	21	2	Wolbachia endosymbiont of Brugia malayi
80854	NA	2	NA	NA	Moritella viscosa
80864	NA	3	NA	NA	Comamonadaceae
80941	NA	1	NA	NA	Guaroa virus
81479	NA	7	NA	NA	Rhodoferax antarcticus
816	NA	1	NA	NA	Bacteroides
82115	NA	1	NA	NA	Rhizobiaceae
82654	NA	1	NA	NA	Pseudanabaena sp. PCC 7367
82985	NA	2	NA	NA	Pragia fontium
83262	NA	1	NA	NA	Mycobacterium immunogenum
83263	NA	1	NA	NA	Aminobacter aminovorans
83406	NA	1	NA	NA	gamma proteobacterium HdN1
83558	NA	1	NA	NA	Chlamydia pneumoniae
838	NA	2	NA	NA	Prevotella
83986	NA	85	NA	NA	Methanoculleus bourgensis
84022	NA	2	NA	NA	Clostridium aceticum
84112	NA	1	NA	NA	Eggerthella lenta
84378	1	NA	NA	NA	Brachyspira murdochii
84531	1	NA	NA	NA	Lysobacter antibioticus
84588	1	NA	NA	NA	Synechococcus sp. WH 8102
84642	NA	1	NA	NA	Aeromonadaceae
847	NA	1	NA	NA	Oxalobacter formigenes
848	NA	1	NA	NA	Fusobacterium
85006	NA	4	NA	NA	Micrococcales
85007	NA	4	NA	NA	Corynebacteriales
85085	11	NA	11	5	Pseudarthrobacter chlorophenolicus
851	1	NA	NA	NA	Fusobacterium nucleatum
85643	NA	1	NA	NA	Thauera sp. MZ1T
857087	NA	2	NA	NA	Methylomonas methanica MC09
858215	NA	1	NA	NA	Thermoanaerobacterium xylanolyticum LX-11
860228	NA	2	NA	NA	Capnocytophaga canimorsus Cc5
860235	NA	1	NA	NA	Kibdelosporangium phytohabitans
86106	395	NA	54	25	endosymbiont of Acanthamoeba sp. UWC8
862908	NA	4	NA	NA	Halobacteriovorax marinus SJ
86661	NA	1	NA	NA	Bacillus cereus group
86664	NA	1	NA	NA	Bacillus flexus
867904	NA	1	NA	NA	Methanomethylovorans hollandica DSM 15978
868131	NA	1	NA	NA	Methanobacterium paludis
868595	NA	1	NA	NA	Desulfotomaculum nigrificans CO-1-SRB
868864	NA	2	NA	NA	Desulfurobacterium thermolithotrophum DSM 11699
869209	NA	1	NA	NA	Treponema succinifaciens DSM 2489
870903	1	NA	NA	NA	Terriglobus saanensis
871963	NA	3	NA	NA	Desulfitobacterium dichloroeliminans LMG P-21439
87882	NA	4	NA	NA	Burkholderia cepacia complex
87883	1	NA	NA	NA	Burkholderia multivorans
879274	NA	2	NA	NA	Shinella sp. HZN7
880071	NA	3	NA	NA	Bernardetia litoralis DSM 6794
880072	NA	1	NA	NA	Desulfobacca acetoxidans DSM 11109
880073	NA	1	NA	NA	Caldithrix abyssi DSM 13497
882090	NA	1	NA	NA	Methanolinea tarda NOBI-1
883	NA	2	NA	NA	Desulfovibrio vulgaris str. 'Miyazaki F'
884684	1	NA	NA	NA	Mageeibacillus indolicus
886293	NA	1	NA	NA	Singulisphaera acidiphila DSM 18658
88723	NA	1	NA	NA	Natrinema
889378	NA	3	NA	NA	Spirochaeta africana DSM 8902
891974	NA	1	NA	NA	Plautia stali symbiont
89373	NA	1	NA	NA	Cytophagaceae
894	4	NA	NA	4	Desulfobulbus propionicus
897	NA	1	NA	NA	Desulfococcus multivorans
89966	NA	1	NA	NA	Hymenobacter
9	7	NA	NA	3	Buchnera aphidicola
90627	NA	3	NA	NA	Gallionellaceae
906968	NA	2	NA	NA	Treponema brennaborense DSM 12168
91061	NA	1	NA	NA	Bacilli
913025	NA	1	NA	NA	Thermococcus sp. PK
91347	NA	8	NA	NA	Enterobacterales
914150	NA	1	NA	NA	Kangiella geojedonensis
91604	NA	3	NA	NA	Candidatus Paracaedibacter acanthamoebae
92244	NA	2	NA	NA	Thioalkalimicrobium
926	3	NA	NA	NA	Thiomonas intermedia
926550	NA	1	NA	NA	Caldilinea aerophila DSM 14535 = NBRC 104270
926556	NA	2	NA	NA	Echinicola vietnamensis DSM 17526
926562	NA	1	NA	NA	Owenweeksia hongkongensis DSM 17368
926571	NA	1	NA	NA	Nitrososphaera viennensis EN76
926690	NA	1	NA	NA	Haloplanus natans DSM 17983
927	1	NA	NA	NA	Halothiobacillus neapolitanus
927083	1	5	NA	NA	Sandaracinus amylolyticus
929506	NA	1	NA	NA	Clostridium botulinum BKT015925
929556	NA	2	NA	NA	Solitalea canadensis DSM 3403
930166	NA	1	NA	NA	Pseudomonas brassicacearum
930171	NA	51	NA	NA	Pseudarthrobacter phenanthrenivorans Sphe3
931089	NA	1	NA	NA	Corynebacterium deserti GIMN1.010
93220	NA	1	NA	NA	Pandoraea pnomenusa
935198	NA	1	NA	NA	Clostridium botulinum B str. Eklund 17B (NRP)
935546	NA	1	NA	NA	Mesorhizobium loti NZP2037
936456	1	NA	NA	1	Desulfurispirillum indicum
941058	NA	1	NA	NA	Bacillus phage SP-10
94132	1	NA	NA	NA	Ramlibacter tataouinensis
942	NA	4	NA	NA	Anaplasmataceae
943	NA	2	NA	NA	Ehrlichia
944	85	NA	38	17	Ehrlichia canis
944547	NA	1	NA	NA	Arcobacter sp. L
945	37	NA	36	27	Ehrlichia chaffeensis
946333	NA	1	NA	NA	Rhizobacter gummiphilus
946483	NA	1	NA	NA	Candidatus Symbiobacter mobilis CR
948	95	1	61	48	Anaplasma phagocytophilum
950	18	NA	NA	NA	Neorickettsia risticii
953	NA	1	NA	NA	Wolbachia
95486	NA	2	NA	NA	Burkholderia cenocepacia
9606	76083	381	85464	128549	Homo sapiens
963	NA	2	NA	NA	Herbaspirillum
96345	NA	1	NA	NA	Flavobacterium psychrophilum
964	NA	3	NA	NA	Herbaspirillum seropedicae
97084	1	NA	NA	7	Halobacteriovorax marinus
97478	1	NA	NA	NA	Lactobacillus mucosae
976	NA	14	NA	NA	Bacteroidetes
981222	NA	2	NA	NA	Chloracidobacterium thermophilum B
98228	NA	3	NA	NA	Bacillus sp. OxB-1
983548	NA	1	NA	NA	Dokdonia sp. 4H-3-7-5
983917	NA	14	NA	NA	Rubrivivax gelatinosus IL144
984262	NA	1	NA	NA	Saprospira grandis str. Lewin
985053	NA	1	NA	NA	Vulcanisaeta moutnovskia 768-28
985780	NA	1	NA	NA	unclassified Mimiviridae
986	NA	2	NA	NA	Flavobacterium johnsoniae
990316	NA	2	NA	NA	Methanosaeta concilii GP6
991789	NA	1	NA	NA	[Clostridium] propionicum DSM 1682
991905	NA	1	NA	NA	Polymorphum gilvum SL003B-26A1
99598	NA	2	NA	NA	Calothrix sp. PCC 7507
996801	NA	1	NA	NA	Polaribacter reichenbachii
999552	NA	1	NA	NA	Leisingera methylohalidivorans DSM 14336
